Workbook
Name _ReviewStatus: '[1]Catalogue Values (Wertelisten)'!$L$2:$L$3
Name cmbAnswerRequired: #REF!
Name cmbAreaRoom: #REF!
Name cmbBook: #REF!
Name cmbCableTag: #REF!
Name cmbCableTagConductor: #REF!
Name cmbCableTagLineNo: #REF!
Name cmbContractLot: #REF!
Name cmbContractLot2: #REF!
Name cmbDataType: '[2]Catalogue Values (Wertelisten)'!$J$2:$J$3
Name cmbDCCA2A3nnnSubClass: #REF!
Name cmbDCCA2A3SubClass: #REF!
Name cmbDCCA2MainClass: #REF!
Name cmbDccIdentityNumber: #REF!
Name cmbDccMainClass: #REF!
Name cmbDccSubClass: #REF!
Name cmbDestinationContainer: #REF!
Name cmbDiscipline: #REF!
Name cmbEmployersQcStatus: #REF!
Name cmbFinalAsBuilt: '[2]Catalogue Values (Wertelisten)'!$V$2:$V$2
Name cmbForHandover: #REF!
Name cmbGrantAccessTo: #REF!
Name cmbIsInterfaceDocument: '[3]Catalogue Values (Wertelisten)'!$CP$2:$CP$3
Name cmbItemDesignationComplete: #REF!
Name cmbKmPoints: #REF!
Name cmbLanguage: '[2]Catalogue Values (Wertelisten)'!$L$2:$L$3
Name cmbLocation: #REF!
Name cmbObjectClassSIE: '[2]Catalogue Values (Wertelisten)'!$AN$2:$AN$4
Name cmbOriginatingCompany: '[2]Catalogue Values (Wertelisten)'!$H$2:$H$7
Name cmbPaymentMilestone: #REF!
Name cmbPermitStructure: #REF!
Name cmbPhase: #REF!
Name cmbProjectMainGroup: #REF!
Name cmbProjectSubGroup: #REF!
Name cmbPurposeOfIssue: #REF!
Name cmbPurposeOfSubmission: '[2]Catalogue Values (Wertelisten)'!$P$2:$P$4
Name cmbReceivingCompany: #REF!
Name cmbRev: '[2]Catalogue Values (Wertelisten)'!$F$2:$F$102
Name cmbReviewStatus: '[2]Catalogue Values (Wertelisten)'!$R$2:$R$3
Name cmbSendingCompany: #REF!
Name cmbSheetNumber: #REF!
Name cmbShowColumns: #REF!
Name cmbSize: #REF!
Name cmbStatusCertifier: '[2]Catalogue Values (Wertelisten)'!$T$2:$T$10
Name cmbTagBL1: #REF!
Name cmbTagBL2: #REF!
Name cmbTagBL3: #REF!
Name cmbTagBL4: #REF!
Name cmbTagBL5: #REF!
Name cmbToBeForwardedTo: #REF!
Name cmbTogStructureBook: #REF!
Name cmbTogStructureChapter: #REF!
Name cmbTogStructureSection: #REF!
Name cmbTypical: '[2]Catalogue Values (Wertelisten)'!$AP$2:$AP$3
Name cmbUsers: #REF!
Name cmbVDLocationDiscipline: #REF!
Name cmbVDLocationPurposeOfIssue: #REF!
Name cmbWbsPackage: '[2]Catalogue Values (Wertelisten)'!$AB$2:$AB$240
Name cmbWindFarm: #REF!
Name fechas: #REF!

Sheet Drawing List TWP
G1: Yuil Detailed Fabrication Drawing List for Pannels - Upper Grillage
C3: Priority | D3: Contractor Dwg.-ID: | E3: BA21-OS-TOPS-CF-YU1002-EN | F3: Project
C4: Priority | D4: Employer Dwg.-ID: | E4: #BAL.BA21=212&AB010-000010 | F4: Balwin 2 | P4: DOSA REVISION HISTORY | V4: Document revision/approval stage
D5: YUIL SHOP DRAWING NUMBER (Internal Use) | E5: Contractor Dwg.-ID: (Include in drawing box) | F5: Employer Dwg.-ID: (Include in drawing box) | G5: DRAWING TITLE | I5: STR.CAT | J5: BLOCK | K5: LOC (where) | L5: TYPE (what) | M5: STAGE (who) | N5: DESIGN DRWG | O5: DESIGN DRAWING | P5: R01 | R5: R02 | T5: R03 | V5: DWG Rev | W5: Current STATUS | X5: DWG Transmittals/ Approval INFO | Y5: DATE
A6: NO.1 | B6: NO.2 | H6: dead line submiss | P6: Date | Q6: Status | R6: *Expected Date of submission | S6: Status | AB6: Submitted | AC6: Code 1 | AD6: Code 2 | AE6: Code 3
A7: 1 | B7: 1 | C7: I | D7: BA21-OS-TOPS-ST-601100-EN | E7: BA21-OS-TOPS-ST-706401-EN | F7: #BAL.BA21=212&TC030-706401-EN | G7: Topside - Upper Grillage - Pri. Steel -Block A1,A2 Nesting Plan | H7: 47359 | I7: PRI. STEEL | J7: A1,A2 | K7: Deck & Section | L7: NESTING PLAN | M7: PREFAB | N7: BA11-OS-TOPS-ST-300214-EN | O7: Topside Upper Grillage Arrangement | P7: 45898 | Q7: Submitted | R7: 45910 | V7: R1 | W7: Submitted | X7: Sent in TR_DRW_GRI_BA2_DOSA_001 | Y7: 45898
A8: 2 | B8: 2 | C8: I | D8: BA21-OS-TOPS-ST-600101-EN | E8: BA21-OS-TOPS-ST-706406-EN | F8: #BAL.BA21=212&TC030-706406-EN | G8: Topside - Upper Grillage - Pri. Steel -Block A1 Sub Assembly SA01 | H8: 47359 | I8: PRI. STEEL | J8: A1 | K8: Deck & Section | L8: FABRICATION | M8: PREFAB | N8: BA11-OS-TOPS-ST-300214-EN | O8: Topside Upper Grillage Arrangement | P8: 45898 | Q8: Submitted | R8: 45910 | V8: R1 | W8: Submitted | X8: Sent in TR_DRW_GRI_BA2_DOSA_001 | Y8: 45898
B9: 2 | C9: I | D9: BA21-OS-TOPS-ST-600101-001-EN | E9: BA21-OS-TOPS-ST-706406-001-EN | F9: #BAL.BA21=212&TC030-706406-001-EN | G9: Topside - Upper Grillage - Pri. Steel -Block A1 Sub Assembly SA01_Sheet.001 | H9: 47359 | I9: PRI. STEEL | J9: A1 | K9: Deck & Section | L9: FABRICATION | M9: PREFAB | N9: BA11-OS-TOPS-ST-300214-EN | O9: Topside Upper Grillage Arrangement | P9: 45898 | Q9: Submitted | R9: 45910 | V9: R1 | X9: Sent in TR_DRW_GRI_BA2_DOSA_001 | Y9: 45898
B10: 3 | D10: BA21-OS-TOPS-ST-600101-002-EN | E10: BA21-OS-TOPS-ST-706406-002-EN | F10: #BAL.BA21=212&TC030-706406-002-EN | G10: Topside - Upper Grillage - Pri. Steel -Block A1 Sub Assembly SA01_Sheet.002 | H10: 47359 | I10: PRI. STEEL | J10: A1 | K10: Deck & Section | L10: FABRICATION | M10: PREFAB | N10: BA11-OS-TOPS-ST-300214-EN | O10: Topside Upper Grillage Arrangement | P10: 45898 | Q10: Submitted | R10: 45910 | V10: R1 | X10: Sent in TR_DRW_GRI_BA2_DOSA_001 | Y10: 45898
B11: 4 | D11: BA21-OS-TOPS-ST-600101-003-EN | E11: BA21-OS-TOPS-ST-706406-003-EN | F11: #BAL.BA21=212&TC030-706406-003-EN | G11: Topside - Upper Grillage - Pri. Steel -Block A1 Sub Assembly SA01_Sheet.003 | H11: 47359 | I11: PRI. STEEL | J11: A1 | K11: Deck & Section | L11: FABRICATION | M11: PREFAB | N11: BA11-OS-TOPS-ST-300214-EN | O11: Topside Upper Grillage Arrangement | P11: 45898 | Q11: Submitted | R11: 45910 | V11: R1 | X11: Sent in TR_DRW_GRI_BA2_DOSA_001 | Y11: 45898
A12: 3 | B12: 5 | C12: I | D12: BA21-OS-TOPS-ST-600102-EN | E12: BA21-OS-TOPS-ST-706407-EN | F12: #BAL.BA21=212&TC030-706407-EN | G12: Topside - Upper Grillage - Pri. Steel -Block A1 Sub Assembly SA02 | H12: 47359 | I12: PRI. STEEL | J12: A1 | K12: Deck & Section | L12: FABRICATION | M12: PREFAB | N12: BA11-OS-TOPS-ST-300214-EN | O12: Topside Upper Grillage Arrangement | P12: 45898 | Q12: Submitted | R12: 45910 | V12: R1 | W12: Submitted | X12: Sent in TR_DRW_GRI_BA2_DOSA_001 | Y12: 45898
B13: 5 | C13: I | D13: BA21-OS-TOPS-ST-600102-001-EN | E13: BA21-OS-TOPS-ST-706407-001-EN | F13: #BAL.BA21=212&TC030-706407-001-EN | G13: Topside - Upper Grillage - Pri. Steel -Block A1 Sub Assembly SA02_Sheet.001 | H13: 47359 | I13: PRI. STEEL | J13: A1 | K13: Deck & Section | L13: FABRICATION | M13: PREFAB | N13: BA11-OS-TOPS-ST-300214-EN | O13: Topside Upper Grillage Arrangement | P13: 45898 | Q13: Submitted | R13: 45910 | V13: R1 | X13: Sent in TR_DRW_GRI_BA2_DOSA_001 | Y13: 45898
B14: 6 | C14: I | D14: BA21-OS-TOPS-ST-600102-002-EN | E14: BA21-OS-TOPS-ST-706407-002-EN | F14: #BAL.BA21=212&TC030-706407-002-EN | G14: Topside - Upper Grillage - Pri. Steel -Block A1 Sub Assembly SA02_Sheet.002 | H14: 47359 | I14: PRI. STEEL | J14: A1 | K14: Deck & Section | L14: FABRICATION | M14: PREFAB | N14: BA11-OS-TOPS-ST-300214-EN | O14: Topside Upper Grillage Arrangement | P14: 45898 | Q14: Submitted | R14: 45910 | V14: R1 | X14: Sent in TR_DRW_GRI_BA2_DOSA_001 | Y14: 45898
B15: 7 | C15: I | D15: BA21-OS-TOPS-ST-600102-003-EN | E15: BA21-OS-TOPS-ST-706407-003-EN | F15: #BAL.BA21=212&TC030-706407-003-EN | G15: Topside - Upper Grillage - Pri. Steel -Block A1 Sub Assembly SA02_Sheet.003 | H15: 47359 | I15: PRI. STEEL | J15: A1 | K15: Deck & Section | L15: FABRICATION | M15: PREFAB | N15: BA11-OS-TOPS-ST-300214-EN | O15: Topside Upper Grillage Arrangement | P15: 45898 | Q15: Submitted | R15: 45910 | V15: R1 | X15: Sent in TR_DRW_GRI_BA2_DOSA_001 | Y15: 45898
B16: 8 | C16: I | D16: BA21-OS-TOPS-ST-600102-004-EN | E16: BA21-OS-TOPS-ST-706407-004-EN | F16: #BAL.BA21=212&TC030-706407-004-EN | G16: Topside - Upper Grillage - Pri. Steel -Block A1 Sub Assembly SA02_Sheet.004 | H16: 47359 | I16: PRI. STEEL | J16: A1 | K16: Deck & Section | L16: FABRICATION | M16: PREFAB | N16: BA11-OS-TOPS-ST-300214-EN | O16: Topside Upper Grillage Arrangement | P16: 45898 | Q16: Submitted | R16: 45910 | V16: R1 | X16: Sent in TR_DRW_GRI_BA2_DOSA_001 | Y16: 45898
B17: 9 | C17: I | D17: BA21-OS-TOPS-ST-600102-005-EN | E17: BA21-OS-TOPS-ST-706407-005-EN | F17: #BAL.BA21=212&TC030-706407-005-EN | G17: Topside - Upper Grillage - Pri. Steel -Block A1 Sub Assembly SA02_Sheet.005 | H17: 47359 | I17: PRI. STEEL | J17: A1 | K17: Deck & Section | L17: FABRICATION | M17: PREFAB | N17: BA11-OS-TOPS-ST-300214-EN | O17: Topside Upper Grillage Arrangement | P17: 45898 | Q17: Submitted | R17: 45910 | V17: R1 | X17: Sent in TR_DRW_GRI_BA2_DOSA_001 | Y17: 45898
A18: 4 | B18: 10 | C18: I | D18: BA21-OS-TOPS-ST-600103-EN | E18: BA21-OS-TOPS-ST-706408-EN | F18: #BAL.BA21=212&TC030-706408-EN | G18: Topside - Upper Grillage - Pri. Steel -Block A1 Sub Assembly SA03 | H18: 47359 | I18: PRI. STEEL | J18: A1 | K18: Deck & Section | L18: FABRICATION | M18: PREFAB | N18: BA11-OS-TOPS-ST-300214-EN | O18: Topside Upper Grillage Arrangement | P18: 45898 | Q18: Submitted | R18: 45910 | V18: R1 | W18: Submitted | X18: Sent in TR_DRW_GRI_BA2_DOSA_001 | Y18: 45898
B19: 10 | C19: I | D19: BA21-OS-TOPS-ST-600103-001-EN | E19: BA21-OS-TOPS-ST-706408-001-EN | F19: #BAL.BA21=212&TC030-706408-001-EN | G19: Topside - Upper Grillage - Pri. Steel -Block A1 Sub Assembly SA03_Sheet.001 | H19: 47359 | I19: PRI. STEEL | J19: A1 | K19: Deck & Section | L19: FABRICATION | M19: PREFAB | N19: BA11-OS-TOPS-ST-300214-EN | O19: Topside Upper Grillage Arrangement | P19: 45898 | Q19: Submitted | R19: 45910 | V19: R1 | X19: Sent in TR_DRW_GRI_BA2_DOSA_001 | Y19: 45898
B20: 11 | C20: I | D20: BA21-OS-TOPS-ST-600103-002-EN | E20: BA21-OS-TOPS-ST-706408-002-EN | F20: #BAL.BA21=212&TC030-706408-002-EN | G20: Topside - Upper Grillage - Pri. Steel -Block A1 Sub Assembly SA03_Sheet.002 | H20: 47359 | I20: PRI. STEEL | J20: A1 | K20: Deck & Section | L20: FABRICATION | M20: PREFAB | N20: BA11-OS-TOPS-ST-300214-EN | O20: Topside Upper Grillage Arrangement | P20: 45898 | Q20: Submitted | R20: 45910 | V20: R1 | X20: Sent in TR_DRW_GRI_BA2_DOSA_001 | Y20: 45898
B21: 12 | C21: I | D21: BA21-OS-TOPS-ST-600103-003-EN | E21: BA21-OS-TOPS-ST-706408-003-EN | F21: #BAL.BA21=212&TC030-706408-003-EN | G21: Topside - Upper Grillage - Pri. Steel -Block A1 Sub Assembly SA03_Sheet.003 | H21: 47359 | I21: PRI. STEEL | J21: A1 | K21: Deck & Section | L21: FABRICATION | M21: PREFAB | N21: BA11-OS-TOPS-ST-300214-EN | O21: Topside Upper Grillage Arrangement | P21: 45898 | Q21: Submitted | R21: 45910 | V21: R1 | X21: Sent in TR_DRW_GRI_BA2_DOSA_001 | Y21: 45898
B22: 13 | C22: I | D22: BA21-OS-TOPS-ST-600103-004-EN | E22: BA21-OS-TOPS-ST-706408-004-EN | F22: #BAL.BA21=212&TC030-706408-004-EN | G22: Topside - Upper Grillage - Pri. Steel -Block A1 Sub Assembly SA03_Sheet.004 | H22: 47359 | I22: PRI. STEEL | J22: A1 | K22: Deck & Section | L22: FABRICATION | M22: PREFAB | N22: BA11-OS-TOPS-ST-300214-EN | O22: Topside Upper Grillage Arrangement | P22: 45898 | Q22: Submitted | R22: 45910 | V22: R1 | X22: Sent in TR_DRW_GRI_BA2_DOSA_001 | Y22: 45898
A23: 5 | B23: 14 | C23: I | D23: BA21-OS-TOPS-ST-600104-EN | E23: BA21-OS-TOPS-ST-706409-EN | F23: #BAL.BA21=212&TC030-706409-EN | G23: Topside - Upper Grillage - Pri. Steel -Block A1 Sub Assembly SA04 | H23: 47359 | I23: PRI. STEEL | J23: A1 | K23: Deck & Section | L23: FABRICATION | M23: PREFAB | N23: BA11-OS-TOPS-ST-300214-EN | O23: Topside Upper Grillage Arrangement | P23: 45898 | Q23: Submitted | R23: 45910 | V23: R1 | W23: Submitted | X23: Sent in TR_DRW_GRI_BA2_DOSA_001 | Y23: 45898
B24: 14 | C24: I | D24: BA21-OS-TOPS-ST-600104-001-EN | E24: BA21-OS-TOPS-ST-706409-001-EN | F24: #BAL.BA21=212&TC030-706409-001-EN | G24: Topside - Upper Grillage - Pri. Steel -Block A1 Sub Assembly SA04_Sheet.001 | H24: 47359 | I24: PRI. STEEL | J24: A1 | K24: Deck & Section | L24: FABRICATION | M24: PREFAB | N24: BA11-OS-TOPS-ST-300214-EN | O24: Topside Upper Grillage Arrangement | P24: 45898 | Q24: Submitted | R24: 45910 | V24: R1 | X24: Sent in TR_DRW_GRI_BA2_DOSA_001 | Y24: 45898
B25: 15 | C25: I | D25: BA21-OS-TOPS-ST-600104-002-EN | E25: BA21-OS-TOPS-ST-706409-002-EN | F25: #BAL.BA21=212&TC030-706409-002-EN | G25: Topside - Upper Grillage - Pri. Steel -Block A1 Sub Assembly SA04_Sheet.002 | H25: 47359 | I25: PRI. STEEL | J25: A1 | K25: Deck & Section | L25: FABRICATION | M25: PREFAB | N25: BA11-OS-TOPS-ST-300214-EN | O25: Topside Upper Grillage Arrangement | P25: 45898 | Q25: Submitted | R25: 45910 | V25: R1 | X25: Sent in TR_DRW_GRI_BA2_DOSA_001 | Y25: 45898
A26: 6 | B26: 16 | C26: I | D26: BA21-OS-TOPS-ST-600105-EN | E26: BA21-OS-TOPS-ST-706410-EN | F26: #BAL.BA21=212&TC030-706410-EN | G26: Topside - Upper Grillage - Pri. Steel -Block A1 Sub Assembly SA05 | H26: 47359 | I26: PRI. STEEL | J26: A1 | K26: Deck & Section | L26: FABRICATION | M26: PREFAB | N26: BA11-OS-TOPS-ST-300214-EN | O26: Topside Upper Grillage Arrangement | P26: 45898 | Q26: Submitted | R26: 45910 | V26: R1 | W26: Submitted | X26: Sent in TR_DRW_GRI_BA2_DOSA_001 | Y26: 45898
B27: 16 | C27: I | D27: BA21-OS-TOPS-ST-600105-001-EN | E27: BA21-OS-TOPS-ST-706410-001-EN | F27: #BAL.BA21=212&TC030-706410-001-EN | G27: Topside - Upper Grillage - Pri. Steel -Block A1 Sub Assembly SA05_Sheet.001 | H27: 47359 | I27: PRI. STEEL | J27: A1 | K27: Deck & Section | L27: FABRICATION | M27: PREFAB | N27: BA11-OS-TOPS-ST-300214-EN | O27: Topside Upper Grillage Arrangement | P27: 45898 | Q27: Submitted | R27: 45910 | V27: R1 | X27: Sent in TR_DRW_GRI_BA2_DOSA_001 | Y27: 45898
B28: 17 | C28: I | D28: BA21-OS-TOPS-ST-600105-002-EN | E28: BA21-OS-TOPS-ST-706410-002-EN | F28: #BAL.BA21=212&TC030-706410-002-EN | G28: Topside - Upper Grillage - Pri. Steel -Block A1 Sub Assembly SA05_Sheet.002 | H28: 47359 | I28: PRI. STEEL | J28: A1 | K28: Deck & Section | L28: FABRICATION | M28: PREFAB | N28: BA11-OS-TOPS-ST-300214-EN | O28: Topside Upper Grillage Arrangement | P28: 45898 | Q28: Submitted | R28: 45910 | V28: R1 | X28: Sent in TR_DRW_GRI_BA2_DOSA_001 | Y28: 45898
B29: 18 | C29: I | D29: BA21-OS-TOPS-ST-600105-003-EN | E29: BA21-OS-TOPS-ST-706410-003-EN | F29: #BAL.BA21=212&TC030-706410-003-EN | G29: Topside - Upper Grillage - Pri. Steel -Block A1 Sub Assembly SA05_Sheet.003 | H29: 47359 | I29: PRI. STEEL | J29: A1 | K29: Deck & Section | L29: FABRICATION | M29: PREFAB | N29: BA11-OS-TOPS-ST-300214-EN | O29: Topside Upper Grillage Arrangement | P29: 45898 | Q29: Submitted | R29: 45910 | V29: R1 | X29: Sent in TR_DRW_GRI_BA2_DOSA_001 | Y29: 45898
B30: 19 | C30: I | D30: BA21-OS-TOPS-ST-600105-004-EN | E30: BA21-OS-TOPS-ST-706410-004-EN | F30: #BAL.BA21=212&TC030-706410-004-EN | G30: Topside - Upper Grillage - Pri. Steel -Block A1 Sub Assembly SA05_Sheet.004 | H30: 47359 | I30: PRI. STEEL | J30: A1 | K30: Deck & Section | L30: FABRICATION | M30: PREFAB | N30: BA11-OS-TOPS-ST-300214-EN | O30: Topside Upper Grillage Arrangement | P30: 45898 | Q30: Submitted | R30: 45910 | V30: R1 | X30: Sent in TR_DRW_GRI_BA2_DOSA_001 | Y30: 45898
A31: 7 | B31: 20 | C31: I | D31: BA21-OS-TOPS-ST-600106-EN | E31: BA21-OS-TOPS-ST-706411-EN | F31: #BAL.BA21=212&TC030-706411-EN | G31: Topside - Upper Grillage - Pri. Steel -Block A1 Sub Assembly SA06 | H31: 47359 | I31: PRI. STEEL | J31: A1 | K31: Deck & Section | L31: FABRICATION | M31: PREFAB | N31: BA11-OS-TOPS-ST-300214-EN | O31: Topside Upper Grillage Arrangement | P31: 45898 | Q31: Submitted | R31: 45910 | V31: R1 | W31: Submitted | X31: Sent in TR_DRW_GRI_BA2_DOSA_001 | Y31: 45898
B32: 20 | C32: I | D32: BA21-OS-TOPS-ST-600106-001-EN | E32: BA21-OS-TOPS-ST-706411-001-EN | F32: #BAL.BA21=212&TC030-706411-001-EN | G32: Topside - Upper Grillage - Pri. Steel -Block A1 Sub Assembly SA06_Sheet.001 | H32: 47359 | I32: PRI. STEEL | J32: A1 | K32: Deck & Section | L32: FABRICATION | M32: PREFAB | N32: BA11-OS-TOPS-ST-300214-EN | O32: Topside Upper Grillage Arrangement | P32: 45898 | Q32: Submitted | R32: 45910 | V32: R1 | X32: Sent in TR_DRW_GRI_BA2_DOSA_001 | Y32: 45898
B33: 21 | C33: I | D33: BA21-OS-TOPS-ST-600106-002-EN | E33: BA21-OS-TOPS-ST-706411-002-EN | F33: #BAL.BA21=212&TC030-706411-002-EN | G33: Topside - Upper Grillage - Pri. Steel -Block A1 Sub Assembly SA06_Sheet.002 | H33: 47359 | I33: PRI. STEEL | J33: A1 | K33: Deck & Section | L33: FABRICATION | M33: PREFAB | N33: BA11-OS-TOPS-ST-300214-EN | O33: Topside Upper Grillage Arrangement | P33: 45898 | Q33: Submitted | R33: 45910 | V33: R1 | X33: Sent in TR_DRW_GRI_BA2_DOSA_001 | Y33: 45898
A34: 8 | B34: 22 | C34: I | D34: BA21-OS-TOPS-ST-600107-EN | E34: BA21-OS-TOPS-ST-706412-EN | F34: #BAL.BA21=212&TC030-706412-EN | G34: Topside - Upper Grillage - Pri. Steel -Block A1 Sub Assembly SA07 | H34: 47359 | I34: PRI. STEEL | J34: A1 | K34: Deck & Section | L34: FABRICATION | M34: PREFAB | N34: BA11-OS-TOPS-ST-300214-EN | O34: Topside Upper Grillage Arrangement | P34: 45898 | Q34: Submitted | R34: 45910 | V34: R1 | W34: Submitted | X34: Sent in TR_DRW_GRI_BA2_DOSA_001 | Y34: 45898
B35: 22 | C35: I | D35: BA21-OS-TOPS-ST-600107-001-EN | E35: BA21-OS-TOPS-ST-706412-001-EN | F35: #BAL.BA21=212&TC030-706412-001-EN | G35: Topside - Upper Grillage - Pri. Steel -Block A1 Sub Assembly SA07_Sheet.001 | H35: 47359 | I35: PRI. STEEL | J35: A1 | K35: Deck & Section | L35: FABRICATION | M35: PREFAB | N35: BA11-OS-TOPS-ST-300214-EN | O35: Topside Upper Grillage Arrangement | P35: 45898 | Q35: Submitted | R35: 45910 | V35: R1 | X35: Sent in TR_DRW_GRI_BA2_DOSA_001 | Y35: 45898
B36: 23 | C36: I | D36: BA21-OS-TOPS-ST-600107-002-EN | E36: BA21-OS-TOPS-ST-706412-002-EN | F36: #BAL.BA21=212&TC030-706412-002-EN | G36: Topside - Upper Grillage - Pri. Steel -Block A1 Sub Assembly SA07_Sheet.002 | H36: 47359 | I36: PRI. STEEL | J36: A1 | K36: Deck & Section | L36: FABRICATION | M36: PREFAB | N36: BA11-OS-TOPS-ST-300214-EN | O36: Topside Upper Grillage Arrangement | P36: 45898 | Q36: Submitted | R36: 45910 | V36: R1 | X36: Sent in TR_DRW_GRI_BA2_DOSA_001 | Y36: 45898
B37: 24 | C37: I | D37: BA21-OS-TOPS-ST-600107-003-EN | E37: BA21-OS-TOPS-ST-706412-003-EN | F37: #BAL.BA21=212&TC030-706412-003-EN | G37: Topside - Upper Grillage - Pri. Steel -Block A1 Sub Assembly SA07_Sheet.003 | H37: 47359 | I37: PRI. STEEL | J37: A1 | K37: Deck & Section | L37: FABRICATION | M37: PREFAB | N37: BA11-OS-TOPS-ST-300214-EN | O37: Topside Upper Grillage Arrangement | P37: 45898 | Q37: Submitted | R37: 45910 | V37: R1 | X37: Sent in TR_DRW_GRI_BA2_DOSA_001 | Y37: 45898
B38: 25 | C38: I | D38: BA21-OS-TOPS-ST-600107-004-EN | E38: BA21-OS-TOPS-ST-706412-004-EN | F38: #BAL.BA21=212&TC030-706412-004-EN | G38: Topside - Upper Grillage - Pri. Steel -Block A1 Sub Assembly SA07_Sheet.004 | H38: 47359 | I38: PRI. STEEL | J38: A1 | K38: Deck & Section | L38: FABRICATION | M38: PREFAB | N38: BA11-OS-TOPS-ST-300214-EN | O38: Topside Upper Grillage Arrangement | P38: 45898 | Q38: Submitted | R38: 45910 | V38: R1 | X38: Sent in TR_DRW_GRI_BA2_DOSA_001 | Y38: 45898
A39: 9 | B39: 26 | C39: I | D39: BA21-OS-TOPS-ST-600108-EN | E39: BA21-OS-TOPS-ST-706413-EN | F39: #BAL.BA21=212&TC030-706413-EN | G39: Topside - Upper Grillage - Pri. Steel -Block A1 Sub Assembly SP01 | H39: 47359 | I39: PRI. STEEL | J39: A1 | K39: Deck & Section | L39: FABRICATION | M39: PREFAB | N39: BA11-OS-TOPS-ST-300214-EN | O39: Topside Upper Grillage Arrangement | P39: 45898 | Q39: Submitted | R39: 45910 | V39: R1 | W39: Submitted | X39: Sent in TR_DRW_GRI_BA2_DOSA_001 | Y39: 45898
B40: 26 | C40: I | D40: BA21-OS-TOPS-ST-600108-001-EN | E40: BA21-OS-TOPS-ST-706413-001-EN | F40: #BAL.BA21=212&TC030-706413-001-EN | G40: Topside - Upper Grillage - Pri. Steel -Block A1 Sub Assembly SP01_Sheet.001 | H40: 47359 | I40: PRI. STEEL | J40: A1 | K40: Deck & Section | L40: FABRICATION | M40: PREFAB | N40: BA11-OS-TOPS-ST-300214-EN | O40: Topside Upper Grillage Arrangement | P40: 45898 | Q40: Submitted | R40: 45910 | V40: R1 | X40: Sent in TR_DRW_GRI_BA2_DOSA_001 | Y40: 45898
B41: 27 | C41: I | D41: BA21-OS-TOPS-ST-600108-002-EN | E41: BA21-OS-TOPS-ST-706413-002-EN | F41: #BAL.BA21=212&TC030-706413-002-EN | G41: Topside - Upper Grillage - Pri. Steel -Block A1 Sub Assembly SP01_Sheet.002 | H41: 47359 | I41: PRI. STEEL | J41: A1 | K41: Deck & Section | L41: FABRICATION | M41: PREFAB | N41: BA11-OS-TOPS-ST-300214-EN | O41: Topside Upper Grillage Arrangement | P41: 45898 | Q41: Submitted | R41: 45910 | V41: R1 | X41: Sent in TR_DRW_GRI_BA2_DOSA_001 | Y41: 45898
B42: 28 | C42: I | D42: BA21-OS-TOPS-ST-600108-003-EN | E42: BA21-OS-TOPS-ST-706413-003-EN | F42: #BAL.BA21=212&TC030-706413-003-EN | G42: Topside - Upper Grillage - Pri. Steel -Block A1 Sub Assembly SP01_Sheet.003 | H42: 47359 | I42: PRI. STEEL | J42: A1 | K42: Deck & Section | L42: FABRICATION | M42: PREFAB | N42: BA11-OS-TOPS-ST-300214-EN | O42: Topside Upper Grillage Arrangement | P42: 45898 | Q42: Submitted | R42: 45910 | V42: R1 | X42: Sent in TR_DRW_GRI_BA2_DOSA_001 | Y42: 45898
B43: 29 | C43: I | D43: BA21-OS-TOPS-ST-600108-004-EN | E43: BA21-OS-TOPS-ST-706413-004-EN | F43: #BAL.BA21=212&TC030-706413-004-EN | G43: Topside - Upper Grillage - Pri. Steel -Block A1 Sub Assembly SP01_Sheet.004 | H43: 47359 | I43: PRI. STEEL | J43: A1 | K43: Deck & Section | L43: FABRICATION | M43: PREFAB | N43: BA11-OS-TOPS-ST-300214-EN | O43: Topside Upper Grillage Arrangement | P43: 45898 | Q43: Submitted | R43: 45910 | V43: R1 | X43: Sent in TR_DRW_GRI_BA2_DOSA_001 | Y43: 45898
A44: 10 | B44: 30 | C44: I | D44: BA21-OS-TOPS-ST-602101-EN | E44: BA21-OS-TOPS-ST-706414-EN | F44: #BAL.BA21=212&TC030-706414-EN | G44: Topside - Upper Grillage - Pri. Steel -Block A1 SPOOL DWG | H44: 47359 | I44: STEEL PIPE | J44: A1 | K44: Deck & Section | L44: STEEL PIPE | M44: PREFAB | N44: BA11-OS-TOPS-ST-300214-EN | O44: Topside Upper Grillage Arrangement | P44: 45898 | Q44: Submitted | R44: 45910 | V44: R1 | W44: Submitted | X44: Sent in TR_DRW_GRI_BA2_DOSA_001 | Y44: 45898
B45: 30 | C45: I | D45: BA21-OS-TOPS-ST-602101-001-EN | E45: BA21-OS-TOPS-ST-706414-001-EN | F45: #BAL.BA21=212&TC030-706414-001-EN | G45: Topside - Upper Grillage - Pri. Steel -Block A1 SPOOL DWG._Sheet.001 | H45: 47359 | I45: STEEL PIPE | J45: A1 | K45: Deck & Section | L45: STEEL PIPE | M45: PREFAB | N45: BA11-OS-TOPS-ST-300214-EN | O45: Topside Upper Grillage Arrangement | P45: 45898 | Q45: Submitted | R45: 45910 | V45: R1 | X45: Sent in TR_DRW_GRI_BA2_DOSA_001 | Y45: 45898
B46: 30 | C46: I | D46: BA21-OS-TOPS-ST-602101-002-EN | E46: BA21-OS-TOPS-ST-706414-002-EN | F46: #BAL.BA21=212&TC030-706414-002-EN | G46: Topside - Upper Grillage - Pri. Steel -Block A1 SPOOL DWG._Sheet.002 | H46: 47359 | I46: STEEL PIPE | J46: A1 | K46: Deck & Section | L46: STEEL PIPE | M46: PREFAB | N46: BA11-OS-TOPS-ST-300214-EN | O46: Topside Upper Grillage Arrangement | P46: 45898 | Q46: Submitted | R46: 45910 | V46: R1 | X46: Sent in TR_DRW_GRI_BA2_DOSA_001 | Y46: 45898
B47: 30 | C47: I | D47: BA21-OS-TOPS-ST-602101-003-EN | E47: BA21-OS-TOPS-ST-706414-003-EN | F47: #BAL.BA21=212&TC030-706414-003-EN | G47: Topside - Upper Grillage - Pri. Steel -Block A1 SPOOL DWG._Sheet.003 | H47: 47359 | I47: STEEL PIPE | J47: A1 | K47: Deck & Section | L47: STEEL PIPE | M47: PREFAB | N47: BA11-OS-TOPS-ST-300214-EN | O47: Topside Upper Grillage Arrangement | P47: 45898 | Q47: Submitted | R47: 45910 | V47: R1 | X47: Sent in TR_DRW_GRI_BA2_DOSA_001 | Y47: 45898
B48: 30 | C48: I | D48: BA21-OS-TOPS-ST-602101-004-EN | E48: BA21-OS-TOPS-ST-706414-004-EN | F48: #BAL.BA21=212&TC030-706414-004-EN | G48: Topside - Upper Grillage - Pri. Steel -Block A1 SPOOL DWG._Sheet.004 | H48: 47359 | I48: STEEL PIPE | J48: A1 | K48: Deck & Section | L48: STEEL PIPE | M48: PREFAB | N48: BA11-OS-TOPS-ST-300214-EN | O48: Topside Upper Grillage Arrangement | P48: 45898 | Q48: Submitted | R48: 45910 | V48: R1 | X48: Sent in TR_DRW_GRI_BA2_DOSA_001 | Y48: 45898
B49: 30 | C49: I | D49: BA21-OS-TOPS-ST-602101-005-EN | E49: BA21-OS-TOPS-ST-706414-005-EN | F49: #BAL.BA21=212&TC030-706414-005-EN | G49: Topside - Upper Grillage - Pri. Steel -Block A1 SPOOL DWG._Sheet.005 | H49: 47359 | I49: STEEL PIPE | J49: A1 | K49: Deck & Section | L49: STEEL PIPE | M49: PREFAB | N49: BA11-OS-TOPS-ST-300214-EN | O49: Topside Upper Grillage Arrangement | P49: 45898 | Q49: Submitted | R49: 45910 | V49: R1 | X49: Sent in TR_DRW_GRI_BA2_DOSA_001 | Y49: 45898
B50: 30 | C50: I | D50: BA21-OS-TOPS-ST-602101-006-EN | E50: BA21-OS-TOPS-ST-706414-006-EN | F50: #BAL.BA21=212&TC030-706414-006-EN | G50: Topside - Upper Grillage - Pri. Steel -Block A1 SPOOL DWG._Sheet.006 | H50: 47359 | I50: STEEL PIPE | J50: A1 | K50: Deck & Section | L50: STEEL PIPE | M50: PREFAB | N50: BA11-OS-TOPS-ST-300214-EN | O50: Topside Upper Grillage Arrangement | P50: 45898 | Q50: Submitted | R50: 45910 | V50: R1 | X50: Sent in TR_DRW_GRI_BA2_DOSA_001 | Y50: 45898
B51: 30 | C51: I | D51: BA21-OS-TOPS-ST-602101-007-EN | E51: BA21-OS-TOPS-ST-706414-007-EN | F51: #BAL.BA21=212&TC030-706414-007-EN | G51: Topside - Upper Grillage - Pri. Steel -Block A1 SPOOL DWG._Sheet.007 | H51: 47359 | I51: STEEL PIPE | J51: A1 | K51: Deck & Section | L51: STEEL PIPE | M51: PREFAB | N51: BA11-OS-TOPS-ST-300214-EN | O51: Topside Upper Grillage Arrangement | P51: 45898 | Q51: Submitted | R51: 45910 | V51: R1 | X51: Sent in TR_DRW_GRI_BA2_DOSA_001 | Y51: 45898
B52: 30 | C52: I | D52: BA21-OS-TOPS-ST-602101-008-EN | E52: BA21-OS-TOPS-ST-706414-008-EN | F52: #BAL.BA21=212&TC030-706414-008-EN | G52: Topside - Upper Grillage - Pri. Steel -Block A1 SPOOL DWG._Sheet.008 | H52: 47359 | I52: STEEL PIPE | J52: A1 | K52: Deck & Section | L52: STEEL PIPE | M52: PREFAB | N52: BA11-OS-TOPS-ST-300214-EN | O52: Topside Upper Grillage Arrangement | P52: 45898 | Q52: Submitted | R52: 45910 | V52: R1 | X52: Sent in TR_DRW_GRI_BA2_DOSA_001 | Y52: 45898
B53: 30 | C53: I | D53: BA21-OS-TOPS-ST-602101-009-EN | E53: BA21-OS-TOPS-ST-706414-009-EN | F53: #BAL.BA21=212&TC030-706414-009-EN | G53: Topside - Upper Grillage - Pri. Steel -Block A1 SPOOL DWG._Sheet.009 | H53: 47359 | I53: STEEL PIPE | J53: A1 | K53: Deck & Section | L53: STEEL PIPE | M53: PREFAB | N53: BA11-OS-TOPS-ST-300214-EN | O53: Topside Upper Grillage Arrangement | P53: 45898 | Q53: Submitted | R53: 45910 | V53: R1 | X53: Sent in TR_DRW_GRI_BA2_DOSA_001 | Y53: 45898
B54: 30 | C54: I | D54: BA21-OS-TOPS-ST-602101-010-EN | E54: BA21-OS-TOPS-ST-706414-010-EN | F54: #BAL.BA21=212&TC030-706414-010-EN | G54: Topside - Upper Grillage - Pri. Steel -Block A1 SPOOL DWG._Sheet.010 | H54: 47359 | I54: STEEL PIPE | J54: A1 | K54: Deck & Section | L54: STEEL PIPE | M54: PREFAB | N54: BA11-OS-TOPS-ST-300214-EN | O54: Topside Upper Grillage Arrangement | P54: 45898 | Q54: Submitted | R54: 45910 | V54: R1 | X54: Sent in TR_DRW_GRI_BA2_DOSA_001 | Y54: 45898
B55: 30 | C55: I | D55: BA21-OS-TOPS-ST-602101-011-EN | E55: BA21-OS-TOPS-ST-706414-011-EN | F55: #BAL.BA21=212&TC030-706414-011-EN | G55: Topside - Upper Grillage - Pri. Steel -Block A1 SPOOL DWG._Sheet.011 | H55: 47359 | I55: STEEL PIPE | J55: A1 | K55: Deck & Section | L55: STEEL PIPE | M55: PREFAB | N55: BA11-OS-TOPS-ST-300214-EN | O55: Topside Upper Grillage Arrangement | P55: 45898 | Q55: Submitted | R55: 45910 | V55: R1 | X55: Sent in TR_DRW_GRI_BA2_DOSA_001 | Y55: 45898
B56: 30 | C56: I | D56: BA21-OS-TOPS-ST-602101-012-EN | E56: BA21-OS-TOPS-ST-706414-012-EN | F56: #BAL.BA21=212&TC030-706414-012-EN | G56: Topside - Upper Grillage - Pri. Steel -Block A1 SPOOL DWG._Sheet.012 | H56: 47359 | I56: STEEL PIPE | J56: A1 | K56: Deck & Section | L56: STEEL PIPE | M56: PREFAB | N56: BA11-OS-TOPS-ST-300214-EN | O56: Topside Upper Grillage Arrangement | P56: 45898 | Q56: Submitted | R56: 45910 | V56: R1 | X56: Sent in TR_DRW_GRI_BA2_DOSA_001 | Y56: 45898
... B76: 30 | C76: I | D76: BA21-OS-TOPS-ST-602101-032-EN | E76: BA21-OS-TOPS-ST-706414-032-EN | F76: #BAL.BA21=212&TC030-706414-032-EN | G76: Topside - Upper Grillage - Pri. Steel -Block A1 SPOOL DWG._Sheet.032 | H76: 47359 | I76: STEEL PIPE | J76: A1 | K76: Deck & Section | L76: STEEL PIPE | M76: PREFAB | N76: BA11-OS-TOPS-ST-300214-EN | O76: Topside Upper Grillage Arrangement | P76: 45898 | Q76: Submitted | R76: 45910 | V76: R1 | X76: Sent in TR_DRW_GRI_BA2_DOSA_001 | Y76: 45898
A77: 11 | B77: 1 | C77: I | D77: BA21-OS-TOPS-ST-600121-EN | E77: BA21-OS-TOPS-ST-706415-EN | F77: #BAL.BA21=212&TC030-706415-EN | G77: Topside - Upper Grillage - Pri. Steel -Block A2 Sub Assembly SA01 | H77: 47359 | I77: PRI. STEEL | J77: A2 | K77: Deck & Section | L77: FABRICATION | M77: PREFAB | N77: BA11-OS-TOPS-ST-300214-EN | O77: Topside Upper Grillage Arrangement | P77: 45898 | Q77: Submitted | R77: 45910 | V77: R1 | W77: Submitted | X77: Sent in TR_DRW_GRI_BA2_DOSA_001 | Y77: 45898
B78: 1 | C78: I | D78: BA21-OS-TOPS-ST-600121-001-EN | E78: BA21-OS-TOPS-ST-706415-001-EN | F78: #BAL.BA21=212&TC030-706415-001-EN | G78: Topside - Upper Grillage - Pri. Steel -Block A2 Sub Assembly SA01_Sheet.001 | H78: 47359 | I78: PRI. STEEL | J78: A2 | K78: Deck & Section | L78: FABRICATION | M78: PREFAB | N78: BA11-OS-TOPS-ST-300214-EN | O78: Topside Upper Grillage Arrangement | P78: 45898 | Q78: Submitted | R78: 45910 | V78: R1 | X78: Sent in TR_DRW_GRI_BA2_DOSA_001 | Y78: 45898
B79: 2 | D79: BA21-OS-TOPS-ST-600121-002-EN | E79: BA21-OS-TOPS-ST-706415-002-EN | F79: #BAL.BA21=212&TC030-706415-002-EN | G79: Topside - Upper Grillage - Pri. Steel -Block A2 Sub Assembly SA01_Sheet.002 | H79: 47359 | I79: PRI. STEEL | J79: A2 | K79: Deck & Section | L79: FABRICATION | M79: PREFAB | N79: BA11-OS-TOPS-ST-300214-EN | O79: Topside Upper Grillage Arrangement | P79: 45898 | Q79: Submitted | R79: 45910 | V79: R1 | X79: Sent in TR_DRW_GRI_BA2_DOSA_001 | Y79: 45898
B80: 3 | C80: I | D80: BA21-OS-TOPS-ST-600121-003-EN | E80: BA21-OS-TOPS-ST-706415-003-EN | F80: #BAL.BA21=212&TC030-706415-003-EN | G80: Topside - Upper Grillage - Pri. Steel -Block A2 Sub Assembly SA01_Sheet.003 | H80: 47359 | I80: PRI. STEEL | J80: A2 | K80: Deck & Section | L80: FABRICATION | M80: PREFAB | N80: BA11-OS-TOPS-ST-300214-EN | O80: Topside Upper Grillage Arrangement | P80: 45898 | Q80: Submitted | R80: 45910 | V80: R1 | X80: Sent in TR_DRW_GRI_BA2_DOSA_001 | Y80: 45898
A81: 12 | B81: 4 | D81: BA21-OS-TOPS-ST-600122-EN | E81: BA21-OS-TOPS-ST-706416-EN | F81: #BAL.BA21=212&TC030-706416-EN | G81: Topside - Upper Grillage - Pri. Steel -Block A2 Sub Assembly SA02 | H81: 47359 | I81: PRI. STEEL | J81: A2 | K81: Deck & Section | L81: FABRICATION | M81: PREFAB | N81: BA11-OS-TOPS-ST-300214-EN | O81: Topside Upper Grillage Arrangement | P81: 45898 | Q81: Submitted | R81: 45910 | V81: R1 | W81: Submitted | X81: Sent in TR_DRW_GRI_BA2_DOSA_001 | Y81: 45898
B82: 4 | D82: BA21-OS-TOPS-ST-600122-001-EN | E82: BA21-OS-TOPS-ST-706416-001-EN | F82: #BAL.BA21=212&TC030-706416-001-EN | G82: Topside - Upper Grillage - Pri. Steel -Block A2 Sub Assembly SA02_Sheet.001 | H82: 47359 | I82: PRI. STEEL | J82: A2 | K82: Deck & Section | L82: FABRICATION | M82: PREFAB | N82: BA11-OS-TOPS-ST-300214-EN | O82: Topside Upper Grillage Arrangement | P82: 45898 | Q82: Submitted | R82: 45910 | V82: R1 | X82: Sent in TR_DRW_GRI_BA2_DOSA_001 | Y82: 45898
B83: 5 | C83: I | D83: BA21-OS-TOPS-ST-600122-002-EN | E83: BA21-OS-TOPS-ST-706416-002-EN | F83: #BAL.BA21=212&TC030-706416-002-EN | G83: Topside - Upper Grillage - Pri. Steel -Block A2 Sub Assembly SA02_Sheet.002 | H83: 47359 | I83: PRI. STEEL | J83: A2 | K83: Deck & Section | L83: FABRICATION | M83: PREFAB | N83: BA11-OS-TOPS-ST-300214-EN | O83: Topside Upper Grillage Arrangement | P83: 45898 | Q83: Submitted | R83: 45910 | V83: R1 | X83: Sent in TR_DRW_GRI_BA2_DOSA_001 | Y83: 45898
B84: 6 | D84: BA21-OS-TOPS-ST-600122-003-EN | E84: BA21-OS-TOPS-ST-706416-003-EN | F84: #BAL.BA21=212&TC030-706416-003-EN | G84: Topside - Upper Grillage - Pri. Steel -Block A2 Sub Assembly SA02_Sheet.003 | H84: 47359 | I84: PRI. STEEL | J84: A2 | K84: Deck & Section | L84: FABRICATION | M84: PREFAB | N84: BA11-OS-TOPS-ST-300214-EN | O84: Topside Upper Grillage Arrangement | P84: 45898 | Q84: Submitted | R84: 45910 | V84: R1 | X84: Sent in TR_DRW_GRI_BA2_DOSA_001 | Y84: 45898
B85: 7 | C85: I | D85: BA21-OS-TOPS-ST-600122-004-EN | E85: BA21-OS-TOPS-ST-706416-004-EN | F85: #BAL.BA21=212&TC030-706416-004-EN | G85: Topside - Upper Grillage - Pri. Steel -Block A2 Sub Assembly SA02_Sheet.004 | H85: 47359 | I85: PRI. STEEL | J85: A2 | K85: Deck & Section | L85: FABRICATION | M85: PREFAB | N85: BA11-OS-TOPS-ST-300214-EN | O85: Topside Upper Grillage Arrangement | P85: 45898 | Q85: Submitted | R85: 45910 | V85: R1 | X85: Sent in TR_DRW_GRI_BA2_DOSA_001 | Y85: 45898
B86: 8 | D86: BA21-OS-TOPS-ST-600122-005-EN | E86: BA21-OS-TOPS-ST-706416-005-EN | F86: #BAL.BA21=212&TC030-706416-005-EN | G86: Topside - Upper Grillage - Pri. Steel -Block A2 Sub Assembly SA02_Sheet.005 | H86: 47359 | I86: PRI. STEEL | J86: A2 | K86: Deck & Section | L86: FABRICATION | M86: PREFAB | N86: BA11-OS-TOPS-ST-300214-EN | O86: Topside Upper Grillage Arrangement | P86: 45898 | Q86: Submitted | R86: 45910 | V86: R1 | X86: Sent in TR_DRW_GRI_BA2_DOSA_001 | Y86: 45898
A87: 13 | B87: 9 | C87: I | D87: BA21-OS-TOPS-ST-600123-EN | E87: BA21-OS-TOPS-ST-706417-EN | F87: #BAL.BA21=212&TC030-706417-EN | G87: Topside - Upper Grillage - Pri. Steel -Block A2 Sub Assembly SA03 | H87: 47359 | I87: PRI. STEEL | J87: A2 | K87: Deck & Section | L87: FABRICATION | M87: PREFAB | N87: BA11-OS-TOPS-ST-300214-EN | O87: Topside Upper Grillage Arrangement | P87: 45898 | Q87: Submitted | R87: 45910 | V87: R1 | W87: Submitted | X87: Sent in TR_DRW_GRI_BA2_DOSA_001 | Y87: 45898
B88: 9 | C88: I | D88: BA21-OS-TOPS-ST-600123-001-EN | E88: BA21-OS-TOPS-ST-706417-001-EN | F88: #BAL.BA21=212&TC030-706417-001-EN | G88: Topside - Upper Grillage - Pri. Steel -Block A2 Sub Assembly SA03_Sheet.001 | H88: 47359 | I88: PRI. STEEL | J88: A2 | K88: Deck & Section | L88: FABRICATION | M88: PREFAB | N88: BA11-OS-TOPS-ST-300214-EN | O88: Topside Upper Grillage Arrangement | P88: 45898 | Q88: Submitted | R88: 45910 | V88: R1 | X88: Sent in TR_DRW_GRI_BA2_DOSA_001 | Y88: 45898
B89: 10 | D89: BA21-OS-TOPS-ST-600123-002-EN | E89: BA21-OS-TOPS-ST-706417-002-EN | F89: #BAL.BA21=212&TC030-706417-002-EN | G89: Topside - Upper Grillage - Pri. Steel -Block A2 Sub Assembly SA03_Sheet.002 | H89: 47359 | I89: PRI. STEEL | J89: A2 | K89: Deck & Section | L89: FABRICATION | M89: PREFAB | N89: BA11-OS-TOPS-ST-300214-EN | O89: Topside Upper Grillage Arrangement | P89: 45898 | Q89: Submitted | R89: 45910 | V89: R1 | X89: Sent in TR_DRW_GRI_BA2_DOSA_001 | Y89: 45898
B90: 11 | C90: I | D90: BA21-OS-TOPS-ST-600123-003-EN | E90: BA21-OS-TOPS-ST-706417-003-EN | F90: #BAL.BA21=212&TC030-706417-003-EN | G90: Topside - Upper Grillage - Pri. Steel -Block A2 Sub Assembly SA03_Sheet.003 | H90: 47359 | I90: PRI. STEEL | J90: A2 | K90: Deck & Section | L90: FABRICATION | M90: PREFAB | N90: BA11-OS-TOPS-ST-300214-EN | O90: Topside Upper Grillage Arrangement | P90: 45898 | Q90: Submitted | R90: 45910 | V90: R1 | X90: Sent in TR_DRW_GRI_BA2_DOSA_001 | Y90: 45898
B91: 12 | C91: I | D91: BA21-OS-TOPS-ST-600123-004-EN | E91: BA21-OS-TOPS-ST-706417-004-EN | F91: #BAL.BA21=212&TC030-706417-004-EN | G91: Topside - Upper Grillage - Pri. Steel -Block A2 Sub Assembly SA03_Sheet.004 | H91: 47359 | I91: PRI. STEEL | J91: A2 | K91: Deck & Section | L91: FABRICATION | M91: PREFAB | N91: BA11-OS-TOPS-ST-300214-EN | O91: Topside Upper Grillage Arrangement | P91: 45898 | Q91: Submitted | R91: 45910 | V91: R1 | X91: Sent in TR_DRW_GRI_BA2_DOSA_001 | Y91: 45898
A92: 14 | B92: 13 | D92: BA21-OS-TOPS-ST-600124-EN | E92: BA21-OS-TOPS-ST-706418-EN | F92: #BAL.BA21=212&TC030-706418-EN | G92: Topside - Upper Grillage - Pri. Steel -Block A2 Sub Assembly SA04 | H92: 47359 | I92: PRI. STEEL | J92: A2 | K92: Deck & Section | L92: FABRICATION | M92: PREFAB | N92: BA11-OS-TOPS-ST-300214-EN | O92: Topside Upper Grillage Arrangement | P92: 45898 | Q92: Submitted | R92: 45910 | V92: R1 | W92: Submitted | X92: Sent in TR_DRW_GRI_BA2_DOSA_001 | Y92: 45898
B93: 13 | D93: BA21-OS-TOPS-ST-600124-001-EN | E93: BA21-OS-TOPS-ST-706418-001-EN | F93: #BAL.BA21=212&TC030-706418-001-EN | G93: Topside - Upper Grillage - Pri. Steel -Block A2 Sub Assembly SA04_Sheet.001 | H93: 47359 | I93: PRI. STEEL | J93: A2 | K93: Deck & Section | L93: FABRICATION | M93: PREFAB | N93: BA11-OS-TOPS-ST-300214-EN | O93: Topside Upper Grillage Arrangement | P93: 45898 | Q93: Submitted | R93: 45910 | V93: R1 | X93: Sent in TR_DRW_GRI_BA2_DOSA_001 | Y93: 45898
B94: 14 | C94: I | D94: BA21-OS-TOPS-ST-600124-002-EN | E94: BA21-OS-TOPS-ST-706418-002-EN | F94: #BAL.BA21=212&TC030-706418-002-EN | G94: Topside - Upper Grillage - Pri. Steel -Block A2 Sub Assembly SA04_Sheet.002 | H94: 47359 | I94: PRI. STEEL | J94: A2 | K94: Deck & Section | L94: FABRICATION | M94: PREFAB | N94: BA11-OS-TOPS-ST-300214-EN | O94: Topside Upper Grillage Arrangement | P94: 45898 | Q94: Submitted | R94: 45910 | V94: R1 | X94: Sent in TR_DRW_GRI_BA2_DOSA_001 | Y94: 45898
A95: 15 | B95: 15 | D95: BA21-OS-TOPS-ST-600125-EN | E95: BA21-OS-TOPS-ST-706419-EN | F95: #BAL.BA21=212&TC030-706419-EN | G95: Topside - Upper Grillage - Pri. Steel -Block A2 Sub Assembly SA05 | H95: 47359 | I95: PRI. STEEL | J95: A2 | K95: Deck & Section | L95: FABRICATION | M95: PREFAB | N95: BA11-OS-TOPS-ST-300214-EN | O95: Topside Upper Grillage Arrangement | P95: 45898 | Q95: Submitted | R95: 45910 | V95: R1 | W95: Submitted | X95: Sent in TR_DRW_GRI_BA2_DOSA_001 | Y95: 45898
B96: 15 | D96: BA21-OS-TOPS-ST-600125-001-EN | E96: BA21-OS-TOPS-ST-706419-001-EN | F96: #BAL.BA21=212&TC030-706419-001-EN | G96: Topside - Upper Grillage - Pri. Steel -Block A2 Sub Assembly SA05_Sheet.001 | H96: 47359 | I96: PRI. STEEL | J96: A2 | K96: Deck & Section | L96: FABRICATION | M96: PREFAB | N96: BA11-OS-TOPS-ST-300214-EN | O96: Topside Upper Grillage Arrangement | P96: 45898 | Q96: Submitted | R96: 45910 | V96: R1 | X96: Sent in TR_DRW_GRI_BA2_DOSA_001 | Y96: 45898
B97: 16 | C97: I | D97: BA21-OS-TOPS-ST-600125-002-EN | E97: BA21-OS-TOPS-ST-706419-002-EN | F97: #BAL.BA21=212&TC030-706419-002-EN | G97: Topside - Upper Grillage - Pri. Steel -Block A2 Sub Assembly SA05_Sheet.002 | H97: 47359 | I97: PRI. STEEL | J97: A2 | K97: Deck & Section | L97: FABRICATION | M97: PREFAB | N97: BA11-OS-TOPS-ST-300214-EN | O97: Topside Upper Grillage Arrangement | P97: 45898 | Q97: Submitted | R97: 45910 | V97: R1 | X97: Sent in TR_DRW_GRI_BA2_DOSA_001 | Y97: 45898
B98: 17 | C98: III | D98: BA21-OS-TOPS-ST-600125-003-EN | E98: BA21-OS-TOPS-ST-706419-003-EN | F98: #BAL.BA21=212&TC030-706419-003-EN | G98: Topside - Upper Grillage - Pri. Steel -Block A2 Sub Assembly SA05_Sheet.003 | H98: 47359 | I98: PRI. STEEL | J98: A2 | K98: Deck & Section | L98: FABRICATION | M98: PREFAB | N98: BA11-OS-TOPS-ST-300214-EN | O98: Topside Upper Grillage Arrangement | P98: 45898 | Q98: Submitted | R98: 45910 | V98: R1 | X98: Sent in TR_DRW_GRI_BA2_DOSA_001 | Y98: 45898
B99: 18 | C99: III | D99: BA21-OS-TOPS-ST-600125-004-EN | E99: BA21-OS-TOPS-ST-706419-004-EN | F99: #BAL.BA21=212&TC030-706419-004-EN | G99: Topside - Upper Grillage - Pri. Steel -Block A2 Sub Assembly SA05_Sheet.004 | H99: 47359 | I99: PRI. STEEL | J99: A2 | K99: Deck & Section | L99: FABRICATION | M99: PREFAB | N99: BA11-OS-TOPS-ST-300214-EN | O99: Topside Upper Grillage Arrangement | P99: 45898 | Q99: Submitted | R99: 45910 | V99: R1 | X99: Sent in TR_DRW_GRI_BA2_DOSA_001 | Y99: 45898
A100: 16 | B100: 19 | C100: II | D100: BA21-OS-TOPS-ST-600126-EN | E100: BA21-OS-TOPS-ST-706420-EN | F100: #BAL.BA21=212&TC030-706420-EN | G100: Topside - Upper Grillage - Pri. Steel -Block A2 Sub Assembly SA06 | H100: 47359 | I100: PRI. STEEL | J100: A2 | K100: Deck & Section | L100: FABRICATION | M100: PREFAB | N100: BA11-OS-TOPS-ST-300214-EN | O100: Topside Upper Grillage Arrangement | P100: 45898 | Q100: Submitted | R100: 45910 | V100: R1 | W100: Submitted | X100: Sent in TR_DRW_GRI_BA2_DOSA_001 | Y100: 45898
B101: 19 | C101: II | D101: BA21-OS-TOPS-ST-600126-001-EN | E101: BA21-OS-TOPS-ST-706420-001-EN | F101: #BAL.BA21=212&TC030-706420-001-EN | G101: Topside - Upper Grillage - Pri. Steel -Block A2 Sub Assembly SA06_Sheet.001 | H101: 47359 | I101: PRI. STEEL | J101: A2 | K101: Deck & Section | L101: FABRICATION | M101: PREFAB | N101: BA11-OS-TOPS-ST-300214-EN | O101: Topside Upper Grillage Arrangement | P101: 45898 | Q101: Submitted | R101: 45910 | V101: R1 | X101: Sent in TR_DRW_GRI_BA2_DOSA_001 | Y101: 45898
B102: 20 | C102: II | D102: BA21-OS-TOPS-ST-600126-002-EN | E102: BA21-OS-TOPS-ST-706420-002-EN | F102: #BAL.BA21=212&TC030-706420-002-EN | G102: Topside - Upper Grillage - Pri. Steel -Block A2 Sub Assembly SA06_Sheet.002 | H102: 47359 | I102: PRI. STEEL | J102: A2 | K102: Deck & Section | L102: FABRICATION | M102: PREFAB | N102: BA11-OS-TOPS-ST-300214-EN | O102: Topside Upper Grillage Arrangement | P102: 45898 | Q102: Submitted | R102: 45910 | V102: R1 | X102: Sent in TR_DRW_GRI_BA2_DOSA_001 | Y102: 45898
A103: 17 | B103: 21 | D103: BA21-OS-TOPS-ST-600127-EN | E103: BA21-OS-TOPS-ST-706421-EN | F103: #BAL.BA21=212&TC030-706421-EN | G103: Topside - Upper Grillage - Pri. Steel -Block A2 Sub Assembly SA07 | H103: 47359 | I103: PRI. STEEL | J103: A2 | K103: Deck & Section | L103: FABRICATION | M103: PREFAB | N103: BA11-OS-TOPS-ST-300214-EN | O103: Topside Upper Grillage Arrangement | P103: 45898 | Q103: Submitted | R103: 45910 | V103: R1 | W103: Submitted | X103: Sent in TR_DRW_GRI_BA2_DOSA_001 | Y103: 45898
B104: 21 | D104: BA21-OS-TOPS-ST-600127-001-EN | E104: BA21-OS-TOPS-ST-706421-001-EN | F104: #BAL.BA21=212&TC030-706421-001-EN | G104: Topside - Upper Grillage - Pri. Steel -Block A2 Sub Assembly SA07_Sheet.001 | H104: 47359 | I104: PRI. STEEL | J104: A2 | K104: Deck & Section | L104: FABRICATION | M104: PREFAB | N104: BA11-OS-TOPS-ST-300214-EN | O104: Topside Upper Grillage Arrangement | P104: 45898 | Q104: Submitted | R104: 45910 | V104: R1 | X104: Sent in TR_DRW_GRI_BA2_DOSA_001 | Y104: 45898
B105: 22 | C105: II | D105: BA21-OS-TOPS-ST-600127-002-EN | E105: BA21-OS-TOPS-ST-706421-002-EN | F105: #BAL.BA21=212&TC030-706421-002-EN | G105: Topside - Upper Grillage - Pri. Steel -Block A2 Sub Assembly SA07_Sheet.002 | H105: 47359 | I105: PRI. STEEL | J105: A2 | K105: Deck & Section | L105: FABRICATION | M105: PREFAB | N105: BA11-OS-TOPS-ST-300214-EN | O105: Topside Upper Grillage Arrangement | P105: 45898 | Q105: Submitted | R105: 45910 | V105: R1 | X105: Sent in TR_DRW_GRI_BA2_DOSA_001 | Y105: 45898
B106: 23 | C106: II | D106: BA21-OS-TOPS-ST-600127-003-EN | E106: BA21-OS-TOPS-ST-706421-003-EN | F106: #BAL.BA21=212&TC030-706421-003-EN | G106: Topside - Upper Grillage - Pri. Steel -Block A2 Sub Assembly SA07_Sheet.003 | H106: 47359 | I106: PRI. STEEL | J106: A2 | K106: Deck & Section | L106: FABRICATION | M106: PREFAB | N106: BA11-OS-TOPS-ST-300214-EN | O106: Topside Upper Grillage Arrangement | P106: 45898 | Q106: Submitted | R106: 45910 | V106: R1 | X106: Sent in TR_DRW_GRI_BA2_DOSA_001 | Y106: 45898
B107: 24 | C107: II | D107: BA21-OS-TOPS-ST-600127-004-EN | E107: BA21-OS-TOPS-ST-706421-004-EN | F107: #BAL.BA21=212&TC030-706421-004-EN | G107: Topside - Upper Grillage - Pri. Steel -Block A2 Sub Assembly SA07_Sheet.004 | H107: 47359 | I107: PRI. STEEL | J107: A2 | K107: Deck & Section | L107: FABRICATION | M107: PREFAB | N107: BA11-OS-TOPS-ST-300214-EN | O107: Topside Upper Grillage Arrangement | P107: 45898 | Q107: Submitted | R107: 45910 | V107: R1 | X107: Sent in TR_DRW_GRI_BA2_DOSA_001 | Y107: 45898
A108: 18 | B108: 25 | D108: BA21-OS-TOPS-ST-600128-EN | E108: BA21-OS-TOPS-ST-706422-EN | F108: #BAL.BA21=212&TC030-706422-EN | G108: Topside - Upper Grillage - Pri. Steel -Block A2 Sub Assembly SP01 | H108: 47359 | I108: PRI. STEEL | J108: A2 | K108: Deck & Section | L108: FABRICATION | M108: PREFAB | N108: BA11-OS-TOPS-ST-300214-EN | O108: Topside Upper Grillage Arrangement | P108: 45898 | Q108: Submitted | R108: 45910 | V108: R1 | W108: Submitted | X108: Sent in TR_DRW_GRI_BA2_DOSA_001 | Y108: 45898
B109: 25 | D109: BA21-OS-TOPS-ST-600128-001-EN | E109: BA21-OS-TOPS-ST-706422-001-EN | F109: #BAL.BA21=212&TC030-706422-001-EN | G109: Topside - Upper Grillage - Pri. Steel -Block A2 Sub Assembly SP01_Sheet.001 | H109: 47359 | I109: PRI. STEEL | J109: A2 | K109: Deck & Section | L109: FABRICATION | M109: PREFAB | N109: BA11-OS-TOPS-ST-300214-EN | O109: Topside Upper Grillage Arrangement | P109: 45898 | Q109: Submitted | R109: 45910 | V109: R1 | X109: Sent in TR_DRW_GRI_BA2_DOSA_001 | Y109: 45898
B110: 26 | C110: II | D110: BA21-OS-TOPS-ST-600128-002-EN | E110: BA21-OS-TOPS-ST-706422-002-EN | F110: #BAL.BA21=212&TC030-706422-002-EN | G110: Topside - Upper Grillage - Pri. Steel -Block A2 Sub Assembly SP01_Sheet.002 | H110: 47359 | I110: PRI. STEEL | J110: A2 | K110: Deck & Section | L110: FABRICATION | M110: PREFAB | N110: BA11-OS-TOPS-ST-300214-EN | O110: Topside Upper Grillage Arrangement | P110: 45898 | Q110: Submitted | R110: 45910 | V110: R1 | X110: Sent in TR_DRW_GRI_BA2_DOSA_001 | Y110: 45898
B111: 27 | C111: I | D111: BA21-OS-TOPS-ST-600128-003-EN | E111: BA21-OS-TOPS-ST-706422-003-EN | F111: #BAL.BA21=212&TC030-706422-003-EN | G111: Topside - Upper Grillage - Pri. Steel -Block A2 Sub Assembly SP01_Sheet.003 | H111: 47359 | I111: PRI. STEEL | J111: A2 | K111: Deck & Section | L111: FABRICATION | M111: PREFAB | N111: BA11-OS-TOPS-ST-300214-EN | O111: Topside Upper Grillage Arrangement | P111: 45898 | Q111: Submitted | R111: 45910 | V111: R1 | X111: Sent in TR_DRW_GRI_BA2_DOSA_001 | Y111: 45898
B112: 28 | D112: BA21-OS-TOPS-ST-600128-004-EN | E112: BA21-OS-TOPS-ST-706422-004-EN | F112: #BAL.BA21=212&TC030-706422-004-EN | G112: Topside - Upper Grillage - Pri. Steel -Block A2 Sub Assembly SP01_Sheet.004 | H112: 47359 | I112: PRI. STEEL | J112: A2 | K112: Deck & Section | L112: FABRICATION | M112: PREFAB | N112: BA11-OS-TOPS-ST-300214-EN | O112: Topside Upper Grillage Arrangement | P112: 45898 | Q112: Submitted | R112: 45910 | V112: R1 | X112: Sent in TR_DRW_GRI_BA2_DOSA_001 | Y112: 45898
A113: 19 | B113: 29 | C113: II | D113: BA21-OS-TOPS-ST-602121-EN | E113: BA21-OS-TOPS-ST-706423-EN | F113: #BAL.BA21=212&TC030-706423-EN | G113: Topside - Upper Grillage - Pri. Steel -Block A2 SPOOL DWG | H113: 47359 | I113: STEEL PIPE | J113: A2 | K113: Deck & Section | L113: STEEL PIPE | M113: PREFAB | N113: BA11-OS-TOPS-ST-300214-EN | O113: Topside Upper Grillage Arrangement | P113: 45898 | Q113: Submitted | R113: 45910 | V113: R1 | W113: Submitted | X113: Sent in TR_DRW_GRI_BA2_DOSA_001 | Y113: 45898
B114: 30 | C114: I | D114: BA21-OS-TOPS-ST-602121-001-EN | E114: BA21-OS-TOPS-ST-706423-001-EN | F114: #BAL.BA21=212&TC030-706423-001-EN | G114: Topside - Upper Grillage - Pri. Steel -Block A2 SPOOL DWG_Sheet.001 | H114: 47359 | I114: STEEL PIPE | J114: A2 | K114: Deck & Section | L114: STEEL PIPE | M114: PREFAB | N114: BA11-OS-TOPS-ST-300214-EN | O114: Topside Upper Grillage Arrangement | P114: 45898 | Q114: Submitted | R114: 45910 | V114: R1 | X114: Sent in TR_DRW_GRI_BA2_DOSA_001 | Y114: 45898
D115: BA21-OS-TOPS-ST-602121-002-EN | E115: BA21-OS-TOPS-ST-706423-002-EN | F115: #BAL.BA21=212&TC030-706423-002-EN | G115: Topside - Upper Grillage - Pri. Steel -Block A2 SPOOL DWG_Sheet.002 | I115: STEEL PIPE | J115: A2 | K115: Deck & Section | L115: STEEL PIPE | M115: PREFAB | N115: BA11-OS-TOPS-ST-300214-EN | O115: Topside Upper Grillage Arrangement | P115: 45898 | Q115: Submitted | R115: 45910 | X115: Sent in TR_DRW_GRI_BA2_DOSA_001 | Y115: 45898
D116: BA21-OS-TOPS-ST-602121-003-EN | E116: BA21-OS-TOPS-ST-706423-003-EN | F116: #BAL.BA21=212&TC030-706423-003-EN | G116: Topside - Upper Grillage - Pri. Steel -Block A2 SPOOL DWG_Sheet.003 | I116: STEEL PIPE | J116: A2 | K116: Deck & Section | L116: STEEL PIPE | M116: PREFAB | N116: BA11-OS-TOPS-ST-300214-EN | O116: Topside Upper Grillage Arrangement | P116: 45898 | Q116: Submitted | R116: 45910 | X116: Sent in TR_DRW_GRI_BA2_DOSA_001 | Y116: 45898
D117: BA21-OS-TOPS-ST-602121-004-EN | E117: BA21-OS-TOPS-ST-706423-004-EN | F117: #BAL.BA21=212&TC030-706423-004-EN | G117: Topside - Upper Grillage - Pri. Steel -Block A2 SPOOL DWG_Sheet.004 | I117: STEEL PIPE | J117: A2 | K117: Deck & Section | L117: STEEL PIPE | M117: PREFAB | N117: BA11-OS-TOPS-ST-300214-EN | O117: Topside Upper Grillage Arrangement | P117: 45898 | Q117: Submitted | R117: 45910 | X117: Sent in TR_DRW_GRI_BA2_DOSA_001 | Y117: 45898
D118: BA21-OS-TOPS-ST-602121-005-EN | E118: BA21-OS-TOPS-ST-706423-005-EN | F118: #BAL.BA21=212&TC030-706423-005-EN | G118: Topside - Upper Grillage - Pri. Steel -Block A2 SPOOL DWG_Sheet.005 | I118: STEEL PIPE | J118: A2 | K118: Deck & Section | L118: STEEL PIPE | M118: PREFAB | N118: BA11-OS-TOPS-ST-300214-EN | O118: Topside Upper Grillage Arrangement | P118: 45898 | Q118: Submitted | R118: 45910 | X118: Sent in TR_DRW_GRI_BA2_DOSA_001 | Y118: 45898
D119: BA21-OS-TOPS-ST-602121-006-EN | E119: BA21-OS-TOPS-ST-706423-006-EN | F119: #BAL.BA21=212&TC030-706423-006-EN | G119: Topside - Upper Grillage - Pri. Steel -Block A2 SPOOL DWG_Sheet.006 | I119: STEEL PIPE | J119: A2 | K119: Deck & Section | L119: STEEL PIPE | M119: PREFAB | N119: BA11-OS-TOPS-ST-300214-EN | O119: Topside Upper Grillage Arrangement | P119: 45898 | Q119: Submitted | R119: 45910 | X119: Sent in TR_DRW_GRI_BA2_DOSA_001 | Y119: 45898
D120: BA21-OS-TOPS-ST-602121-007-EN | E120: BA21-OS-TOPS-ST-706423-007-EN | F120: #BAL.BA21=212&TC030-706423-007-EN | G120: Topside - Upper Grillage - Pri. Steel -Block A2 SPOOL DWG_Sheet.007 | I120: STEEL PIPE | J120: A2 | K120: Deck & Section | L120: STEEL PIPE | M120: PREFAB | N120: BA11-OS-TOPS-ST-300214-EN | O120: Topside Upper Grillage Arrangement | P120: 45898 | Q120: Submitted | R120: 45910 | X120: Sent in TR_DRW_GRI_BA2_DOSA_001 | Y120: 45898
...

Sheet KPIs
L1: Documentation Status Balwin2 Upper Grillage
B2: Drawing Status Balwin2 Upper Grillage
B3: Drawings Clasification | C3: Total number of documents | D3: Not submitted yet | E3: R1 Submitted under Review | F3: Code 1 | G3: Code 2 | H3: Code 3
B4: 1. A Block | C4: =COUNTIFS('Drawing List TWP'!A8:A145,"<>") -> 18 | D4: =C4-(E4+F4+G4+H4) -> 0 | E4: =COUNTIFS('Drawing List TWP'!W8:W145,"Sub*") -> 18 | F4: =COUNTIFS('Drawing List TWP'!W9:W113,"Code 1") -> 0 | G4: =COUNTIFS('Drawing List TWP'!W9:W113,"Code 2") -> 0 | H4: =COUNTIFS('Drawing List TWP'!W9:W113,"Code 3") -> 0
B5: 2. B Block | C5: =COUNTIFS('Drawing List TWP'!A147:A254,"<>") -> 14 | D5: =C5-(E5+F5+G5+H5) -> 0 | E5: =COUNTIFS('Drawing List TWP'!W147:W254,"Sub*") -> 14 | F5: =COUNTIFS('Drawing List TWP'!W148:W232,"Code 1") -> 0 | G5: =COUNTIFS('Drawing List TWP'!W148:W232,"Code 2") -> 0 | H5: =COUNTIFS('Drawing List TWP'!W148:W232,"Code 3") -> 0
B6: 3. C Block | C6: =COUNTIFS('Drawing List TWP'!A260:A361,"<>") -> 14 | D6: =C6-(E6+F6+G6+H6) -> 0 | E6: =COUNTIFS('Drawing List TWP'!W260:W361,"Sub*") -> 14 | F6: =COUNTIFS('Drawing List TWP'!W261:W338,"Code 1") -> 0 | G6: =COUNTIFS('Drawing List TWP'!W261:W338,"Code 2") -> 0 | H6: =COUNTIFS('Drawing List TWP'!W261:W338,"Code 3") -> 0
B7: 4. D Block | C7: =COUNTIFS('Drawing List TWP'!A363:A502,"<>") -> 18 | D7: =C7-(E7+F7+G7+H7) -> 0 | E7: =COUNTIFS('Drawing List TWP'!W363:W502,"Sub*") -> 18 | F7: =COUNTIFS('Drawing List TWP'!W364:W470,"Code 1") -> 0 | G7: =COUNTIFS('Drawing List TWP'!W364:W470,"Code 2") -> 0 | H7: =COUNTIFS('Drawing List TWP'!W364:W470,"Code 3") -> 0
B8: 5. E Block | C8: =COUNTIFS('Drawing List TWP'!A504:A531,"<>") -> 6 | D8: =C8-(E8+F8+G8+H8) -> 0 | E8: =COUNTIFS('Drawing List TWP'!W504:W531,"Sub*") -> 6 | F8: =COUNTIFS('Drawing List TWP'!W505:W526,"Code 1") -> 0 | G8: =COUNTIFS('Drawing List TWP'!W505:W526,"Code 2") -> 0 | H8: =COUNTIFS('Drawing List TWP'!W505:W526,"Code 3") -> 0
B9: 6. Nesting | C9: 5 | D9: =C9-(E9+F9+G9+H9) -> 0 | E9: =COUNTIFS('Drawing List TWP'!W7,"Sub*")+COUNTIFS('Drawing List TWP'!W146,"Sub*")+COUNTIFS('Drawing List TWP'!W259,"Sub*")+COUNTIFS('Drawing List TWP'!W362,"Sub*")+COUNTIFS('Drawing List TWP'!W503,"Sub*") -> 5 | F9: =COUNTIFS('Drawing List TWP'!W15:W152,"Code 1") -> 0 | G9: =COUNTIFS('Drawing List TWP'!W15:W152,"Code 2") -> 0 | H9: =COUNTIFS('Drawing List TWP'!W15:W152,"Code 3") -> 0
B10: Total | C10: =SUM(C4:C9) -> 75 | D10: =SUM(D4:D7) -> 0 | E10: =SUM(E4:E9) -> 75 | F10: =SUM(F4:F7) -> 0 | G10: =SUM(G4:G7) -> 0 | H10: =SUM(H4:H7) -> 0
B14: Drawing Progress Balwin2 Upper Grillage
B15: Drawings Clasification | C15: Total number of documents | D15: Not submitted yet | E15: R1 Submitted | F15: R2* On going | G15: Code 1 | H15: Code 2 | I15: Code 3
B16: 1. A Block | C16: =C4 -> 18 | D16: 0 | E16: 1 | F16: 0.9 | G16: =COUNTIFS('Drawing List TWP'!W24:W162,"Code 1") -> 0 | H16: =COUNTIFS('Drawing List TWP'!W24:W162,"Code 2") -> 0 | I16: =COUNTIFS('Drawing List TWP'!W24:W162,"Code 3") -> 0
B17: 2. B Block | C17: =C5 -> 14 | D17: 0 | E17: 1 | F17: 0.9 | G17: =COUNTIFS('Drawing List TWP'!W164:W273,"Code 1") -> 0 | H17: =COUNTIFS('Drawing List TWP'!W164:W273,"Code 2") -> 0 | I17: =COUNTIFS('Drawing List TWP'!W164:W273,"Code 3") -> 0
B18: 3. C Block | C18: =C6 -> 14 | D18: 0 | E18: 1 | F18: 0.9 | G18: =COUNTIFS('Drawing List TWP'!W276:W376,"Code 1") -> 0 | H18: =COUNTIFS('Drawing List TWP'!W276:W376,"Code 2") -> 0 | I18: =COUNTIFS('Drawing List TWP'!W276:W376,"Code 3") -> 0
B19: 4. D Block | C19: =C7 -> 18 | D19: 0 | E19: 1 | F19: 0.9 | G19: =COUNTIFS('Drawing List TWP'!W379:W523,"Code 1") -> 0 | H19: =COUNTIFS('Drawing List TWP'!W379:W523,"Code 2") -> 0 | I19: =COUNTIFS('Drawing List TWP'!W379:W523,"Code 3") -> 0
B20: 5. E Block | C20: =C8 -> 6 | D20: 0 | E20: 1 | F20: 0.9 | G20: =COUNTIFS('Drawing List TWP'!W525:W526,"Code 1") -> 0 | H20: =COUNTIFS('Drawing List TWP'!W525:W526,"Code 2") -> 0 | I20: =COUNTIFS('Drawing List TWP'!W525:W526,"Code 3") -> 0
B21: 6. Nesting | C21: =C9 -> 5 | D21: 0 | E21: 1 | F21: 0.9 | G21: =COUNTIFS('Drawing List TWP'!W30:W168,"Code 1") -> 0 | H21: =COUNTIFS('Drawing List TWP'!W30:W168,"Code 2") -> 0 | I21: =COUNTIFS('Drawing List TWP'!W30:W168,"Code 3") -> 0
B22: Total | C22: =SUM(C16:C21) -> 75 | D22: 0 | E22: 1 | F22: 0.9 | G22: =SUM(G16:G19) -> 0 | H22: =SUM(H16:H19) -> 0 | I22: =SUM(I16:I19) -> 0

Sheet Data Validation
B3: CODE 1 | C3: Approved
B4: CODE 2 | C4: Approved with Comments
B5: CODE 3 | C5: Not Approved
B6: Sub
B7: Commented
B8: LEMS comment
B9: -
B15: AFC
B16: Commented
B17: Issued
B18: -
